station_id,midas_name,midas_latitude,midas_longitude,reference_name,reference_latitude,reference_longitude,latitude_difference_deg,longitude_difference_deg,distance_km,large_discrepancy
00811,herstmonceux-west-end,50.891,0.317,East Malling Automatic Weather Station,51.29,0.45,-0.3990000000000009,-0.133,45.38793048139394,True
00671,ross-on-wye,51.911,-2.586,Almondsbury Automatic Weather Station,51.55,-2.56,0.3610000000000042,-0.0259999999999998,40.22616392524049,True
62208,exeter-surfacenet-enclosure-aws,50.729,-3.475,Exeter Airport No 2 Automatic Weather Station,50.74,-3.41,-0.011000000000002785,-0.06499999999999995,4.74104653878092,True
00643,shawbury,52.795,-2.665,Shawbury Automatic Weather Station,52.79,-2.66,0.005000000000002558,-0.004999999999999893,0.650442327411013,False
01007,prestwick-gannet,55.515,-4.585,Prestwick Gannet Automatic Weather Station,55.52,-4.58,-0.005000000000002558,-0.004999999999999893,0.6396231664055603,False
00161,dyce,57.205,-2.205,Dyce Automatic Weather Station,57.2,-2.21,0.0049999999999954525,0.004999999999999893,0.6330008757624962,False
00067,loch-glascarnoch,57.725,-4.895,Loch Glascarnoch Automatic Weather Station,57.72,-4.9,0.005000000000002558,0.005000000000000782,0.6309837075688166,False
01144,hawarden-airport,53.175,-2.986,Hawarden Airport Automatic Weather Station,53.18,-2.99,-0.005000000000002558,0.0040000000000000036,0.6172788503779287,False
00384,waddington,53.175,-0.523,Waddington Automatic Weather Station,53.18,-0.52,-0.005000000000002558,-0.0030000000000000027,0.5914982846613597,False
00132,kinloss,57.645,-3.563,Kinloss Automatic Weather Station,57.65,-3.56,-0.0049999999999954525,-0.0030000000000001137,0.5845900637552088,False
00779,thorney-island,50.815,-0.922,Thorney Island Automatic Weather Station,50.81,-0.92,0.0049999999999954525,-0.0020000000000000018,0.5741006541101693,False
00370,leconfield,53.875,-0.442,Leconfield Automatic Weather Station,53.87,-0.44,0.005000000000002558,-0.0020000000000000018,0.5718671184705888,False
19206,st-athan,51.405,-3.441,St Athan Automatic Weather Station,51.41,-3.44,-0.0049999999999954525,-0.0009999999999998899,0.5609151864679368,False
01450,aldergrove,54.664,-6.225,Aldergrove Automatic Weather Station,54.66,-6.23,0.0040000000000048885,0.005000000000000782,0.5494609646806726,False
00458,woburn,52.014,-0.596,Woburn Automatic Weather Station,52.01,-0.6,0.0040000000000048885,0.0040000000000000036,0.5228584582657771,False
24102,coventry-coundon,52.424,-1.536,Coventry Automatic Weather Station,52.42,-1.54,0.003999999999997783,0.0040000000000000036,0.5215428719796903,False
01302,yeovilton,51.006,-2.643,Yeovilton Automatic Weather Station,51.01,-2.64,-0.003999999999997783,-0.0029999999999996696,0.4923752375979665,False
00440,wattisham,52.124,0.957,Wattisham Automatic Weather Station,52.12,0.96,0.0040000000000048885,-0.0030000000000000027,0.49021847772279453,False
00775,manston,51.347,1.335,Manston Automatic Weather Station,51.35,1.34,-0.0030000000000001137,-0.0050000000000001155,0.4820708639004794,False
00461,bedford,52.227,-0.465,Bedford Automatic Weather Station,52.23,-0.47,-0.0030000000000001137,0.004999999999999949,0.4772495863204372,False
01190,lake-vyrnwy-no-2,52.757,-3.465,Lake Vyrnwy No 2 Automatic Weather Station,52.76,-3.47,-0.0030000000000001137,0.0050000000000003375,0.4743404785875482,False
00726,kenley-airfield,51.304,-0.092,Kenley Airfield Automatic Weather Station,51.3,-0.09,0.0040000000000048885,-0.0020000000000000018,0.46652830764406356,False
56424,winterbourne-no2,52.456,-1.928,Winterbourne No 2 Automatic Weather Station,52.46,-1.93,-0.003999999999997783,0.0020000000000000018,0.46548973639542884,False
00113,aviemore,57.206,-3.828,Aviemore Automatic Weather Station,57.21,-3.83,-0.003999999999997783,0.002000000000000224,0.4613191285856248,False
01005,auchincruive,55.477,-4.565,Auchincruive Automatic Weather Station,55.48,-4.57,-0.0030000000000001137,0.004999999999999893,0.4593858391079239,False
30620,charlwood,51.144,-0.229,Charlwood Automatic Weather Station,51.14,-0.23,0.003999999999997783,0.0010000000000000009,0.4507234918458415,False
00554,sutton-bonington,52.836,-1.251,Sutton Bonington Automatic Weather Station,52.84,-1.25,-0.0040000000000048885,-0.0009999999999998899,0.4503294407140559,False
00556,nottingham-watnall,53.006,-1.251,"Nottingham, Watnall Automatic Weather Station",53.01,-1.25,-0.003999999999997783,-0.0009999999999998899,0.4502901659195833,False
00212,,56.326,-3.729,Strathallan Airfield Automatic Weather Station,56.33,-3.73,-0.003999999999997783,0.0009999999999998899,0.4495375822354342,False
01035,threave,54.926,-3.95,Threave Automatic Weather Station,54.93,-3.95,-0.003999999999997783,0.0,0.4452799999997532,False
62041,exeter-airport-no-2,50.737,-3.406,Exeter Airport No 2 Automatic Weather Station,50.74,-3.41,-0.0030000000000001137,0.0040000000000000036,0.43697338597041363,False
00669,shobdon-airfield,52.243,-2.886,Shobdon Airfield Automatic Weather Station,52.24,-2.89,0.0030000000000001137,0.0040000000000000036,0.4311240151214813,False
01145,valley,53.253,-4.536,Valley Automatic Weather Station,53.25,-4.54,0.0030000000000001137,0.004000000000000448,0.4272001850331723,False
00066,kinlochewe,57.613,-5.306,Kinlochewe Automatic Weather Station,57.61,-5.31,0.0030000000000001137,0.0039999999999995595,0.41038418438135044,False
01083,shap,54.502,-2.685,Shap Automatic Weather Station,54.5,-2.68,0.0020000000000024443,-0.004999999999999893,0.3924653335953971,False
17314,leeming,54.297,-1.533,Leeming Automatic Weather Station,54.3,-1.53,-0.0030000000000001137,-0.0029999999999998916,0.3866688581066822,False
00862,odiham,51.239,-0.945,Odiham Automatic Weather Station,51.24,-0.94,-0.0010000000000047748,-0.0050000000000000044,0.3658211469502391,False
00886,lyneham,51.503,-1.992,Lyneham Automatic Weather Station,51.5,-1.99,0.0030000000000001137,-0.0020000000000000018,0.3615740402040383,False
61986,tibenham-airfield,52.457,1.162,Tibenham Airfield Automatic Weather Station,52.46,1.16,-0.0030000000000001137,0.0020000000000000018,0.3604647859287866,False
01033,dundrennan,54.803,-4.008,Dundrennan Automatic Weather Station,54.8,-4.01,0.0030000000000001137,0.0019999999999997797,0.3577669551319622,False
24125,glasgow-bishopton,55.907,-4.532,"Glasgow, Bishopton Automatic Weather Station",55.91,-4.53,-0.0030000000000001137,-0.0019999999999997797,0.35651627959399795,False
00235,leuchars,56.377,-2.862,Leuchars Automatic Weather Station,56.38,-2.86,-0.0030000000000001137,-0.002000000000000224,0.35598822474721803,False
00723,kew-gardens,51.482,-0.294,Kew Gardens Automatic Weather Station,51.48,-0.29,0.0020000000000024443,-0.0040000000000000036,0.35561974415254144,False
00105,tulloch-bridge,56.867,-4.708,Tulloch Bridge Automatic Weather Station,56.87,-4.71,-0.0030000000000001137,0.0019999999999997797,0.35544073073792726,False
01285,liscombe,51.087,-3.609,Liscombe Automatic Weather Station,51.09,-3.61,-0.0030000000000001137,0.0009999999999998899,0.34120187226630083,False
00395,holbeach-no-2,52.873,0.139,Holbeach No 2 Automatic Weather Station,52.87,0.14,0.0030000000000001137,-0.0010000000000000009,0.34065217565269634,False
00326,durham,54.768,-1.586,Durham Automatic Weather Station,54.77,-1.59,-0.0020000000000024443,0.0040000000000000036,0.33993284838215443,False
00054,stornoway-airport,58.213,-6.319,Stornoway Airport Automatic Weather Station,58.21,-6.32,0.0030000000000001137,0.001000000000000334,0.33906908351184295,False
00023,kirkwall,58.953,-2.901,Kirkwall Automatic Weather Station,58.95,-2.9,0.0030000000000001137,-0.0009999999999998899,0.33885904582566484,False
19260,,55.928,-3.344,Edinburgh Gogarbank Automatic Weather Station,55.93,-3.34,-0.0020000000000024443,-0.0040000000000000036,0.33436419645793647,False
00471,rothamsted,51.807,-0.36,Rothamsted Automatic Weather Station,51.81,-0.36,-0.0030000000000001137,0.0,0.33396000000001264,False
00268,charterhall,55.709,-2.385,Charterhall Automatic Weather Station,55.71,-2.38,-0.0009999999999976694,-0.004999999999999893,0.3327590014918772,False
00177,inverbervie-no-2,56.852,-2.266,Inverbervie No2 Automatic Weather Station,56.85,-2.27,0.001999999999995339,0.0040000000000000036,0.3299263839695381,False
57063,thomastown,54.33,-7.595,Thomastown Automatic Weather Station,54.33,-7.59,0.0,-0.004999999999999893,0.32456232410246627,False
01415,cardinham-bodmin,50.502,-4.667,Cardinham Bodmin Automatic Weather Station,50.5,-4.67,0.0020000000000024443,0.0030000000000001137,0.3077157678092756,False
01352,north-wyke,50.769,-3.904,North Wyke Automatic Weather Station,50.77,-3.9,-0.0010000000000047748,-0.0040000000000000036,0.3028202255469858,False
00842,hurn,50.779,-1.836,Hurn Automatic Weather Station,50.78,-1.84,-0.0009999999999976694,0.0040000000000000036,0.3027642385020201,False
00456,monks-wood,52.402,-0.237,Monks Wood Automatic Weather Station,52.4,-0.24,0.0020000000000024443,0.0030000000000000027,0.30180226233974616,False
00719,wisley,51.311,-0.476,Wisley Automatic Weather Station,51.31,-0.48,0.0009999999999976694,0.0040000000000000036,0.29977664540329146,False
00009,lerwick,60.139,-1.185,Lerwick Automatic Weather Station,60.14,-1.18,-0.0009999999999976694,-0.0050000000000001155,0.2986520621461574,False
01023,eskdalemuir,55.312,-3.207,Eskdalemuir Automatic Weather Station,55.31,-3.21,0.001999999999995339,0.0030000000000001137,0.292730292084677,False
01467,ballypatrick-forest,55.181,-6.154,Ballypatrick Forest Automatic Weather Station,55.18,-6.15,0.0009999999999976694,-0.0039999999999995595,0.27755086044778354,False
01395,camborne,50.218,-5.328,Camborne Automatic Weather Station,50.22,-5.33,-0.001999999999995339,0.0019999999999997797,0.2643170459558074,False
00744,east-malling,51.288,0.448,East Malling Automatic Weather Station,51.29,0.45,-0.0020000000000024443,-0.0020000000000000018,0.26259562495624195,False
00583,wittering,52.612,-0.468,Wittering Automatic Weather Station,52.61,-0.47,0.0020000000000024443,0.0019999999999999463,0.26047008516141845,False
00044,altnaharra-no-2,58.288,-4.442,Altnaharra No 2 Automatic Weather Station,58.29,-4.44,-0.0020000000000024443,-0.0019999999999997797,0.25152484844525136,False
00708,heathrow,51.479,-0.453,Heathrow Automatic Weather Station,51.48,-0.45,-0.0009999999999976694,-0.0030000000000000027,0.2359074007945829,False
00692,little-rissington,51.861,-1.693,Little Rissington Automatic Weather Station,51.86,-1.69,0.0009999999999976694,-0.0030000000000001137,0.23436891248348096,False
55827,braemar-no-2,57.011,-3.397,Braemar No 2 Automatic Weather Station,57.01,-3.4,0.0010000000000047748,0.0030000000000001137,0.2132034267040986,False
00079,tain-range,57.819,-3.967,Tain Range Automatic Weather Station,57.82,-3.97,-0.0009999999999976694,0.0030000000000001137,0.20982928320558422,False
57199,rostherne-no-2,53.36,-2.382,Rostherne No 2 Automatic Weather Station,53.36,-2.38,0.0,-0.002000000000000224,0.1328682573628514,False
62122,almondsbury,51.551,-2.559,Almondsbury Automatic Weather Station,51.55,-2.56,0.0010000000000047748,0.0009999999999998899,0.13108644211896414,False
00595,church-lawford,52.359,-1.331,Church Lawford Automatic Weather Station,52.36,-1.33,-0.0009999999999976694,-0.0009999999999998899,0.1304378340330465,False
01161,aberdaron,52.789,-4.741,Aberdaron Automatic Weather Station,52.79,-4.74,-0.0009999999999976694,-0.0009999999999994458,0.13009326979880007,False
00534,bramham,53.869,-1.319,Bramham Automatic Weather Station,53.87,-1.32,-0.0009999999999976694,0.001000000000000112,0.12923037051828798,False
00315,boulmer,55.421,-1.601,Boulmer Automatic Weather Station,55.42,-1.6,0.0009999999999976694,-0.0009999999999998899,0.12799882901951662,False
00048,kinbrace-hatchery,58.23,-3.922,"Kinbrace, Hatchery Automatic Weather Station",58.23,-3.92,0.0,-0.002000000000000224,0.11722234681427335,False
01198,aberporth,52.14,-4.571,Aberporth Automatic Weather Station,52.14,-4.57,0.0,-0.0009999999999994458,0.0683208873403695,False
19187,coleshill,52.48,-1.691,Coleshill Automatic Weather Station,52.48,-1.69,0.0,-0.001000000000000112,0.06779814628041157,False
56963,magilligan-no-2,55.16,-6.949,Magilligan No 2 Automatic Weather Station,55.16,-6.95,0.0,0.001000000000000334,0.06359563531627213,False
18974,tiree,56.5,-6.881,Tiree Automatic Weather Station,56.5,-6.88,0.0,-0.001000000000000334,0.06144162520495883,False
00918,dunstaffnage,56.45,-5.44,Dunstaffnage Automatic Weather Station,56.45,-5.44,0.0,0.0,0.0,False
