station_id,station_name_from_path,source_file,observed_hours,valid_ghi_hours,calendar_coverage_pct,ghi_uptime_pct,ghi_valid_when_observed_pct,station_latitude,station_longitude
19260,,__short__\19260\qc-version-1\19260_qcv-1_2024.csv,8736,8736,99.4535519125683,99.4535519125683,100.0,55.928,-3.344
00212,,__short__\00212\qc-version-1\00212_qcv-1_2024.csv,8735,8735,99.44216757741349,99.44216757741349,100.0,56.326,-3.729
00886,lyneham,wiltshire\00886_lyneham\qc-version-1\midas-open_uk-radiation-obs_dv-202607_wiltshire_00886_lyneham_qcv-1_2024.csv,8338,8338,94.92258652094718,94.92258652094718,100.0,51.503,-1.992
00054,stornoway-airport,western-isles\00054_stornoway-airport\qc-version-1\midas-open_uk-radiation-obs_dv-202607_western-isles_00054_stornoway-airport_qcv-1_2024.csv,8783,8783,99.98861566484517,99.98861566484517,100.0,58.213,-6.319
00534,bramham,west-yorkshire\00534_bramham\qc-version-1\midas-open_uk-radiation-obs_dv-202607_west-yorkshire_00534_bramham_qcv-1_2024.csv,8761,8761,99.73816029143897,99.73816029143897,100.0,53.869,-1.319
00779,thorney-island,west-sussex\00779_thorney-island\qc-version-1\midas-open_uk-radiation-obs_dv-202607_west-sussex_00779_thorney-island_qcv-1_2024.csv,8754,8754,99.6584699453552,99.6584699453552,100.0,50.815,-0.922
56424,winterbourne-no2,west-midlands\56424_winterbourne-no2\qc-version-1\midas-open_uk-radiation-obs_dv-202607_west-midlands_56424_winterbourne-no2_qcv-1_2024.csv,8784,8784,100.0,100.0,100.0,52.456,-1.928
24102,coventry-coundon,west-midlands\24102_coventry-coundon\qc-version-1\midas-open_uk-radiation-obs_dv-202607_west-midlands_24102_coventry-coundon_qcv-1_2024.csv,8784,8784,100.0,100.0,100.0,52.424,-1.536
19187,coleshill,warwickshire\19187_coleshill\qc-version-1\midas-open_uk-radiation-obs_dv-202607_warwickshire_19187_coleshill_qcv-1_2024.csv,8738,8738,99.47632058287796,99.47632058287796,100.0,52.48,-1.691
00595,church-lawford,warwickshire\00595_church-lawford\qc-version-1\midas-open_uk-radiation-obs_dv-202607_warwickshire_00595_church-lawford_qcv-1_2024.csv,8703,8703,99.07786885245902,99.07786885245902,100.0,52.359,-1.331
00048,kinbrace-hatchery,sutherland\00048_kinbrace-hatchery\qc-version-1\midas-open_uk-radiation-obs_dv-202607_sutherland_00048_kinbrace-hatchery_qcv-1_2024.csv,8781,8781,99.96584699453553,99.96584699453553,100.0,58.23,-3.922
00044,altnaharra-no-2,sutherland\00044_altnaharra-no-2\qc-version-1\midas-open_uk-radiation-obs_dv-202607_sutherland_00044_altnaharra-no-2_qcv-1_2024.csv,8780,8780,99.9544626593807,99.9544626593807,100.0,58.288,-4.442
30620,charlwood,surrey\30620_charlwood\qc-version-1\midas-open_uk-radiation-obs_dv-202607_surrey_30620_charlwood_qcv-1_2024.csv,8729,8729,99.37386156648452,99.37386156648452,100.0,51.144,-0.229
00719,wisley,surrey\00719_wisley\qc-version-1\midas-open_uk-radiation-obs_dv-202607_surrey_00719_wisley_qcv-1_2024.csv,8784,8784,100.0,100.0,100.0,51.311,-0.476
00440,wattisham,suffolk\00440_wattisham\qc-version-1\midas-open_uk-radiation-obs_dv-202607_suffolk_00440_wattisham_qcv-1_2024.csv,8784,8784,100.0,100.0,100.0,52.124,0.957
19206,st-athan,south-glamorgan\19206_st-athan\qc-version-1\midas-open_uk-radiation-obs_dv-202607_south-glamorgan_19206_st-athan_qcv-1_2024.csv,8784,8784,100.0,100.0,100.0,51.405,-3.441
01302,yeovilton,somerset\01302_yeovilton\qc-version-1\midas-open_uk-radiation-obs_dv-202607_somerset_01302_yeovilton_qcv-1_2024.csv,8714,8714,99.20309653916212,99.20309653916212,100.0,51.006,-2.643
01285,liscombe,somerset\01285_liscombe\qc-version-1\midas-open_uk-radiation-obs_dv-202607_somerset_01285_liscombe_qcv-1_2024.csv,8685,8685,98.87295081967213,98.87295081967213,100.0,51.087,-3.609
00643,shawbury,shropshire\00643_shawbury\qc-version-1\midas-open_uk-radiation-obs_dv-202607_shropshire_00643_shawbury_qcv-1_2024.csv,8738,8738,99.47632058287796,99.47632058287796,100.0,52.795,-2.665
00009,lerwick,shetland\00009_lerwick\qc-version-1\midas-open_uk-radiation-obs_dv-202607_shetland_00009_lerwick_qcv-1_2024.csv,8738,8738,99.47632058287796,99.47632058287796,100.0,60.139,-1.185
00079,tain-range,ross-and-cromarty\00079_tain-range\qc-version-1\midas-open_uk-radiation-obs_dv-202607_ross-and-cromarty_00079_tain-range_qcv-1_2024.csv,8761,8761,99.73816029143897,99.73816029143897,100.0,57.819,-3.967
00067,loch-glascarnoch,ross-and-cromarty\00067_loch-glascarnoch\qc-version-1\midas-open_uk-radiation-obs_dv-202607_ross-and-cromarty_00067_loch-glascarnoch_qcv-1_2024.csv,8746,8746,99.56739526411657,99.56739526411657,100.0,57.725,-4.895
00066,kinlochewe,ross-and-cromarty\00066_kinlochewe\qc-version-1\midas-open_uk-radiation-obs_dv-202607_ross-and-cromarty_00066_kinlochewe_qcv-1_2024.csv,8483,8483,96.57331511839709,96.57331511839709,100.0,57.613,-5.306
24125,glasgow-bishopton,renfrewshire\24125_glasgow-bishopton\qc-version-1\midas-open_uk-radiation-obs_dv-202607_renfrewshire_24125_glasgow-bishopton_qcv-1_2024.csv,8597,8597,97.87112932604735,97.87112932604735,100.0,55.907,-4.532
01190,lake-vyrnwy-no-2,powys-north\01190_lake-vyrnwy-no-2\qc-version-1\midas-open_uk-radiation-obs_dv-202607_powys-north_01190_lake-vyrnwy-no-2_qcv-1_2024.csv,8734,8734,99.43078324225866,99.43078324225866,100.0,52.757,-3.465
00023,kirkwall,orkney\00023_kirkwall\qc-version-1\midas-open_uk-radiation-obs_dv-202607_orkney_00023_kirkwall_qcv-1_2024.csv,8738,8738,99.47632058287796,99.47632058287796,100.0,58.953,-2.901
00556,nottingham-watnall,nottinghamshire\00556_nottingham-watnall\qc-version-1\midas-open_uk-radiation-obs_dv-202607_nottinghamshire_00556_nottingham-watnall_qcv-1_2024.csv,8738,8738,99.47632058287796,99.47632058287796,100.0,53.006,-1.251
00554,sutton-bonington,nottinghamshire\00554_sutton-bonington\qc-version-1\midas-open_uk-radiation-obs_dv-202607_nottinghamshire_00554_sutton-bonington_qcv-1_2024.csv,8761,8761,99.73816029143897,99.73816029143897,100.0,52.836,-1.251
00315,boulmer,northumberland\00315_boulmer\qc-version-1\midas-open_uk-radiation-obs_dv-202607_northumberland_00315_boulmer_qcv-1_2024.csv,8784,8784,100.0,100.0,100.0,55.421,-1.601
17314,leeming,north-yorkshire\17314_leeming\qc-version-1\midas-open_uk-radiation-obs_dv-202607_north-yorkshire_17314_leeming_qcv-1_2024.csv,8784,8784,100.0,100.0,100.0,54.297,-1.533
61986,tibenham-airfield,norfolk\61986_tibenham-airfield\qc-version-1\midas-open_uk-radiation-obs_dv-202607_norfolk_61986_tibenham-airfield_qcv-1_2024.csv,8784,8784,100.0,100.0,100.0,52.457,1.162
00132,kinloss,moray-in-grampian-region\00132_kinloss\qc-version-1\midas-open_uk-radiation-obs_dv-202607_moray-in-grampian-region_00132_kinloss_qcv-1_2024.csv,8715,8715,99.21448087431693,99.21448087431693,100.0,57.645,-3.563
56963,magilligan-no-2,londonderry\56963_magilligan-no-2\qc-version-1\midas-open_uk-radiation-obs_dv-202607_londonderry_56963_magilligan-no-2_qcv-1_2024.csv,8726,8726,99.33970856102003,99.33970856102003,100.0,55.16,-6.949
00395,holbeach-no-2,lincolnshire\00395_holbeach-no-2\qc-version-1\midas-open_uk-radiation-obs_dv-202607_lincolnshire_00395_holbeach-no-2_qcv-1_2024.csv,8738,8738,99.47632058287796,99.47632058287796,100.0,52.873,0.139
00384,waddington,lincolnshire\00384_waddington\qc-version-1\midas-open_uk-radiation-obs_dv-202607_lincolnshire_00384_waddington_qcv-1_2024.csv,8784,8784,100.0,100.0,100.0,53.175,-0.523
01035,threave,kirkcudbrightshire\01035_threave\qc-version-1\midas-open_uk-radiation-obs_dv-202607_kirkcudbrightshire_01035_threave_qcv-1_2024.csv,8784,8784,100.0,100.0,100.0,54.926,-3.95
01033,dundrennan,kirkcudbrightshire\01033_dundrennan\qc-version-1\midas-open_uk-radiation-obs_dv-202607_kirkcudbrightshire_01033_dundrennan_qcv-1_2024.csv,8783,8783,99.98861566484517,99.98861566484517,100.0,54.803,-4.008
00177,inverbervie-no-2,kincardineshire\00177_inverbervie-no-2\qc-version-1\midas-open_uk-radiation-obs_dv-202607_kincardineshire_00177_inverbervie-no-2_qcv-1_2024.csv,8759,8759,99.71539162112933,99.71539162112933,100.0,56.852,-2.266
00775,manston,kent\00775_manston\qc-version-1\midas-open_uk-radiation-obs_dv-202607_kent_00775_manston_qcv-1_2024.csv,8714,8714,99.20309653916212,99.20309653916212,100.0,51.347,1.335
00744,east-malling,kent\00744_east-malling\qc-version-1\midas-open_uk-radiation-obs_dv-202607_kent_00744_east-malling_qcv-1_2024.csv,7274,7274,82.80965391621129,82.80965391621129,100.0,51.288,0.448
00113,aviemore,inverness-shire\00113_aviemore\qc-version-1\midas-open_uk-radiation-obs_dv-202607_inverness-shire_00113_aviemore_qcv-1_2024.csv,8750,8750,99.61293260473589,99.61293260473589,100.0,57.206,-3.828
00105,tulloch-bridge,inverness-shire\00105_tulloch-bridge\qc-version-1\midas-open_uk-radiation-obs_dv-202607_inverness-shire_00105_tulloch-bridge_qcv-1_2024.csv,8733,8733,99.41939890710383,99.41939890710383,100.0,56.867,-4.708
00370,leconfield,humberside\00370_leconfield\qc-version-1\midas-open_uk-radiation-obs_dv-202607_humberside_00370_leconfield_qcv-1_2024.csv,8754,8754,99.6584699453552,99.6584699453552,100.0,53.875,-0.442
00471,rothamsted,hertfordshire\00471_rothamsted\qc-version-1\midas-open_uk-radiation-obs_dv-202607_hertfordshire_00471_rothamsted_qcv-1_2024.csv,8776,8776,99.90892531876139,99.90892531876139,100.0,51.807,-0.36
00671,ross-on-wye,hereford-and-worcester\00671_ross-on-wye\qc-version-1\midas-open_uk-radiation-obs_dv-202607_hereford-and-worcester_00671_ross-on-wye_qcv-1_2024.csv,8660,8660,98.58834244080145,98.58834244080145,100.0,51.911,-2.586
00669,shobdon-airfield,hereford-and-worcester\00669_shobdon-airfield\qc-version-1\midas-open_uk-radiation-obs_dv-202607_hereford-and-worcester_00669_shobdon-airfield_qcv-1_2024.csv,8742,8742,99.52185792349727,99.52185792349727,100.0,52.243,-2.886
00862,odiham,hampshire\00862_odiham\qc-version-1\midas-open_uk-radiation-obs_dv-202607_hampshire_00862_odiham_qcv-1_2024.csv,8783,8783,99.98861566484517,99.98861566484517,100.0,51.239,-0.945
01161,aberdaron,gwynedd\01161_aberdaron\qc-version-1\midas-open_uk-radiation-obs_dv-202607_gwynedd_01161_aberdaron_qcv-1_2024.csv,8737,8737,99.46493624772313,99.46493624772313,100.0,52.789,-4.741
01145,valley,gwynedd\01145_valley\qc-version-1\midas-open_uk-radiation-obs_dv-202607_gwynedd_01145_valley_qcv-1_2024.csv,8704,8704,99.08925318761385,99.08925318761385,100.0,53.253,-4.536
00726,kenley-airfield,greater-london\00726_kenley-airfield\qc-version-1\midas-open_uk-radiation-obs_dv-202607_greater-london_00726_kenley-airfield_qcv-1_2024.csv,8760,8760,99.72677595628416,99.72677595628416,100.0,51.304,-0.092
00723,kew-gardens,greater-london\00723_kew-gardens\qc-version-1\midas-open_uk-radiation-obs_dv-202607_greater-london_00723_kew-gardens_qcv-1_2024.csv,8761,8761,99.73816029143897,99.73816029143897,100.0,51.482,-0.294
00708,heathrow,greater-london\00708_heathrow\qc-version-1\midas-open_uk-radiation-obs_dv-202607_greater-london_00708_heathrow_qcv-1_2024.csv,8738,8738,99.47632058287796,99.47632058287796,100.0,51.479,-0.453
00692,little-rissington,gloucestershire\00692_little-rissington\qc-version-1\midas-open_uk-radiation-obs_dv-202607_gloucestershire_00692_little-rissington_qcv-1_2024.csv,8775,8775,99.89754098360656,99.89754098360656,100.0,51.861,-1.693
00235,leuchars,fife\00235_leuchars\qc-version-1\midas-open_uk-radiation-obs_dv-202607_fife_00235_leuchars_qcv-1_2024.csv,8758,8758,99.7040072859745,99.7040072859745,100.0,56.377,-2.862
57063,thomastown,fermanagh\57063_thomastown\qc-version-1\midas-open_uk-radiation-obs_dv-202607_fermanagh_57063_thomastown_qcv-1_2024.csv,8699,8699,99.03233151183971,99.03233151183971,100.0,54.33,-7.595
00811,herstmonceux-west-end,east-sussex\00811_herstmonceux-west-end\qc-version-1\midas-open_uk-radiation-obs_dv-202607_east-sussex_00811_herstmonceux-west-end_qcv-1_2024.csv,8589,8589,97.78005464480874,97.78005464480874,100.0,50.891,0.317
01198,aberporth,dyfed\01198_aberporth\qc-version-1\midas-open_uk-radiation-obs_dv-202607_dyfed_01198_aberporth_qcv-1_2024.csv,8784,8784,100.0,100.0,100.0,52.14,-4.571
00326,durham,durham\00326_durham\qc-version-1\midas-open_uk-radiation-obs_dv-202607_durham_00326_durham_qcv-1_2024.csv,8736,8736,99.4535519125683,99.4535519125683,100.0,54.768,-1.586
01023,eskdalemuir,dumfriesshire\01023_eskdalemuir\qc-version-1\midas-open_uk-radiation-obs_dv-202607_dumfriesshire_01023_eskdalemuir_qcv-1_2024.csv,8457,8457,96.27732240437159,96.27732240437159,100.0,55.312,-3.207
00842,hurn,dorset\00842_hurn\qc-version-1\midas-open_uk-radiation-obs_dv-202607_dorset_00842_hurn_qcv-1_2024.csv,8784,8784,100.0,100.0,100.0,50.779,-1.836
62208,exeter-surfacenet-enclosure-aws,devon\62208_exeter-surfacenet-enclosure-aws\qc-version-1\midas-open_uk-radiation-obs_dv-202607_devon_62208_exeter-surfacenet-enclosure-aws_qcv-1_2024.csv,7288,7288,82.96903460837888,82.96903460837888,100.0,50.729,-3.475
62041,exeter-airport-no-2,devon\62041_exeter-airport-no-2\qc-version-1\midas-open_uk-radiation-obs_dv-202607_devon_62041_exeter-airport-no-2_qcv-1_2024.csv,8755,8755,99.66985428051002,99.66985428051002,100.0,50.737,-3.406
01352,north-wyke,devon\01352_north-wyke\qc-version-1\midas-open_uk-radiation-obs_dv-202607_devon_01352_north-wyke_qcv-1_2024.csv,8727,8727,99.35109289617486,99.35109289617486,100.0,50.769,-3.904
01083,shap,cumbria\01083_shap\qc-version-1\midas-open_uk-radiation-obs_dv-202607_cumbria_01083_shap_qcv-1_2024.csv,8729,8729,99.37386156648452,99.37386156648452,100.0,54.502,-2.685
01415,cardinham-bodmin,cornwall\01415_cardinham-bodmin\qc-version-1\midas-open_uk-radiation-obs_dv-202607_cornwall_01415_cardinham-bodmin_qcv-1_2024.csv,8725,8725,99.3283242258652,99.3283242258652,100.0,50.502,-4.667
01395,camborne,cornwall\01395_camborne\qc-version-1\midas-open_uk-radiation-obs_dv-202607_cornwall_01395_camborne_qcv-1_2024.csv,8783,8783,99.98861566484517,99.98861566484517,100.0,50.218,-5.328
01144,hawarden-airport,clwyd\01144_hawarden-airport\qc-version-1\midas-open_uk-radiation-obs_dv-202607_clwyd_01144_hawarden-airport_qcv-1_2024.csv,8713,8713,99.19171220400729,99.19171220400729,100.0,53.175,-2.986
57199,rostherne-no-2,cheshire\57199_rostherne-no-2\qc-version-1\midas-open_uk-radiation-obs_dv-202607_cheshire_57199_rostherne-no-2_qcv-1_2024.csv,8714,8714,99.20309653916212,99.20309653916212,100.0,53.36,-2.382
00583,wittering,cambridgeshire\00583_wittering\qc-version-1\midas-open_uk-radiation-obs_dv-202607_cambridgeshire_00583_wittering_qcv-1_2024.csv,8701,8701,99.05510018214936,99.05510018214936,100.0,52.612,-0.468
00456,monks-wood,cambridgeshire\00456_monks-wood\qc-version-1\midas-open_uk-radiation-obs_dv-202607_cambridgeshire_00456_monks-wood_qcv-1_2024.csv,8784,8784,100.0,100.0,100.0,52.402,-0.237
00268,charterhall,berwickshire\00268_charterhall\qc-version-1\midas-open_uk-radiation-obs_dv-202607_berwickshire_00268_charterhall_qcv-1_2024.csv,8690,8690,98.92987249544626,98.92987249544626,100.0,55.709,-2.385
00461,bedford,bedfordshire\00461_bedford\qc-version-1\midas-open_uk-radiation-obs_dv-202607_bedfordshire_00461_bedford_qcv-1_2024.csv,8784,8784,100.0,100.0,100.0,52.227,-0.465
00458,woburn,bedfordshire\00458_woburn\qc-version-1\midas-open_uk-radiation-obs_dv-202607_bedfordshire_00458_woburn_qcv-1_2024.csv,8784,8784,100.0,100.0,100.0,52.014,-0.596
01007,prestwick-gannet,ayrshire\01007_prestwick-gannet\qc-version-1\midas-open_uk-radiation-obs_dv-202607_ayrshire_01007_prestwick-gannet_qcv-1_2024.csv,8759,8759,99.71539162112933,99.71539162112933,100.0,55.515,-4.585
01005,auchincruive,ayrshire\01005_auchincruive\qc-version-1\midas-open_uk-radiation-obs_dv-202607_ayrshire_01005_auchincruive_qcv-1_2024.csv,8784,8784,100.0,100.0,100.0,55.477,-4.565
62122,almondsbury,avon\62122_almondsbury\qc-version-1\midas-open_uk-radiation-obs_dv-202607_avon_62122_almondsbury_qcv-1_2024.csv,8734,8734,99.43078324225866,99.43078324225866,100.0,51.551,-2.559
18974,tiree,argyll-in-strathclyde-region\18974_tiree\qc-version-1\midas-open_uk-radiation-obs_dv-202607_argyll-in-strathclyde-region_18974_tiree_qcv-1_2024.csv,8360,8360,95.17304189435337,95.17304189435337,100.0,56.5,-6.881
00918,dunstaffnage,argyll-in-strathclyde-region\00918_dunstaffnage\qc-version-1\midas-open_uk-radiation-obs_dv-202607_argyll-in-strathclyde-region_00918_dunstaffnage_qcv-1_2024.csv,8597,8597,97.87112932604735,97.87112932604735,100.0,56.45,-5.44
01467,ballypatrick-forest,antrim\01467_ballypatrick-forest\qc-version-1\midas-open_uk-radiation-obs_dv-202607_antrim_01467_ballypatrick-forest_qcv-1_2024.csv,8735,8735,99.44216757741349,99.44216757741349,100.0,55.181,-6.154
01450,aldergrove,antrim\01450_aldergrove\qc-version-1\midas-open_uk-radiation-obs_dv-202607_antrim_01450_aldergrove_qcv-1_2024.csv,8772,8772,99.86338797814207,99.86338797814207,100.0,54.664,-6.225
55827,braemar-no-2,aberdeenshire\55827_braemar-no-2\qc-version-1\midas-open_uk-radiation-obs_dv-202607_aberdeenshire_55827_braemar-no-2_qcv-1_2024.csv,8784,8784,100.0,100.0,100.0,57.011,-3.397
00161,dyce,aberdeenshire\00161_dyce\qc-version-1\midas-open_uk-radiation-obs_dv-202607_aberdeenshire_00161_dyce_qcv-1_2024.csv,8784,8784,100.0,100.0,100.0,57.205,-2.205
